{"videos": {"_type": "video-file", "sha256": "f5edfb6aa98b33feb2b42305f5308672b8476ee38e5291ff9b21770390cbcecd", "size": 12814, "path": "media/videos/videos_19580_f5edfb6aa98b33feb2b4.mp4"}, "_timestamp": 1765816457.8520396, "_runtime": 14474.474312543869, "_step": 22141, "charts/episodic_return": 84.0, "charts/episodic_length": 6739, "global_step": 9999360, "losses/value_loss": 0.0889095664024353, "losses/policy_loss": 0.03740440309047699, "losses/entropy": 0.3455502986907959, "charts/SPS": 691, "_wandb": {"runtime": 14473}}