{"videos": {"_type": "video-file", "sha256": "e8b33840439f4e9e6c2cc4e3df81470990baa0e379cdb61493d825c0253ef7d5", "size": 15967, "path": "media/videos/videos_18943_e8b33840439f4e9e6c2c.mp4"}, "_timestamp": 1765383569.841269, "_runtime": 49379.27562594414, "_step": 22529, "charts/episodic_return": 71.0, "charts/episodic_length": 5372, "global_step": 9999360, "losses/value_loss": 0.058403704315423965, "losses/policy_loss": 0.003497093915939331, "losses/entropy": 1.086938738822937, "charts/SPS": 202, "_wandb": {"runtime": 49378}}