{"videos": {"_type": "video-file", "sha256": "aa7605944927d6d297c8f502800dea008eb2159a897cee92c62e9aa37b0912e0", "size": 15346, "path": "media/videos/videos_28629_aa7605944927d6d297c8.mp4"}, "_timestamp": 1765900123.322399, "_runtime": 54252.717948913574, "_step": 29437, "charts/episodic_return": 34.0, "charts/episodic_length": 4248, "global_step": 9999360, "losses/value_loss": 0.11198092997074127, "losses/policy_loss": 0.026630932465195656, "losses/entropy": 0.648966908454895, "charts/SPS": 184, "_wandb": {"runtime": 54252}}