{"videos": {"_type": "video-file", "sha256": "af205a8190aa177e1a73278b182c91095c4678784e28d8652524defd207ec431", "size": 52281, "path": "media/videos/videos_6279_af205a8190aa177e1a73.mp4"}, "_timestamp": 1765742785.0408778, "_runtime": 11452.456132888794, "_step": 8700, "charts/episodic_return": 7.0, "charts/episodic_length": 1598, "global_step": 2273280, "losses/value_loss": 0.051250211894512177, "losses/policy_loss": 0.006900925189256668, "losses/entropy": 0.7225804924964905, "charts/SPS": 198, "_wandb": {"runtime": 11456}}