{"videos": {"_type": "video-file", "sha256": "805ee7240d7e58ae2e0580ecbbc384c18b611abfd9c43436110fc8b6820ab90c", "size": 10132, "path": "media/videos/videos_2051_805ee7240d7e58ae2e05.mp4"}, "_timestamp": 1765318202.7473989, "_runtime": 1869.549686908722, "_step": 4283, "charts/episodic_return": 15.0, "charts/episodic_length": 2331, "global_step": 1243136, "losses/value_loss": 0.05172468721866608, "losses/policy_loss": 0.00726202130317688, "losses/entropy": 1.1013306379318237, "charts/SPS": 667, "_wandb": {"runtime": 1870}}