{"videos": {"_type": "video-file", "sha256": "478710f74956c68dd897315c05cd69bbfc1b2f1fe038ce1963b39e9e761a5ec0", "size": 9724, "path": "media/videos/videos_62198_478710f74956c68dd897.mp4"}, "_timestamp": 1765190730.0833051, "_runtime": 53852.40923523903, "_step": 63249, "charts/episodic_return": 0.0, "charts/episodic_length": 521, "global_step": 9999360, "losses/value_loss": 0.03690670430660248, "losses/policy_loss": -3.4712255001068115e-05, "losses/entropy": 1.3335298299789429, "charts/SPS": 185, "_wandb": {"runtime": 53851}}