{"videos": {"_type": "video-file", "sha256": "882d0870b4fffcf2400f670804b9aa5de56b1c7c610eb7a8160ea54548f14880", "size": 137489, "path": "media/videos/videos_24879_882d0870b4fffcf2400f.mp4"}, "_timestamp": 1765797909.8998866, "_runtime": 54220.25294661522, "_step": 26730, "charts/episodic_return": 49.0, "charts/episodic_length": 3830, "global_step": 9999360, "losses/value_loss": 0.047335170209407806, "losses/policy_loss": -0.001728057861328125, "losses/entropy": 0.245347797870636, "charts/SPS": 184, "_wandb": {"runtime": 54219}}